{
	"mVertexPoints" :
	[
		1, 0.1, -0.05,
		1, 0.1, 0.05,
		-1, 0.1, 0.05,
		1, 0.1, -0.05,
		-1, 0.1, 0.05,
		-1, 0.1, -0.05,
		1, 2.5, -0.05,
		-1, 2.5, -0.05,
		-1, 2.5, 0.05,
		1, 2.5, -0.05,
		-1, 2.5, 0.05,
		0.999999, 2.5, 0.050001,
		1, 0.1, -0.05,
		1, 2.5, -0.05,
		0.999999, 2.5, 0.050001,
		1, 0.1, -0.05,
		0.999999, 2.5, 0.050001,
		1, 0.1, 0.05,
		1, 0.1, 0.05,
		0.999999, 2.5, 0.050001,
		-1, 2.5, 0.05,
		1, 0.1, 0.05,
		-1, 2.5, 0.05,
		-1, 0.1, 0.05,
		-1, 0.1, 0.05,
		-1, 2.5, 0.05,
		-1, 2.5, -0.05,
		-1, 0.1, 0.05,
		-1, 2.5, -0.05,
		-1, 0.1, -0.05,
		1, 2.5, -0.05,
		1, 0.1, -0.05,
		-1, 0.1, -0.05,
		1, 2.5, -0.05,
		-1, 0.1, -0.05,
		-1, 2.5, -0.05
	],
	"mTextureCoords" :
	[
		1, 0,
		1, 0,
		0, 0,
		1, 0,
		0, 0,
		0, 0,
		1, 1,
		0, 1,
		0, 1,
		1, 1,
		0, 1,
		1, 1,
		1, 0,
		1, 1,
		1, 1,
		1, 0,
		1, 1,
		1, 0,
		1, 0,
		1, 1,
		0, 1,
		1, 0,
		0, 1,
		0, 0,
		0, 0,
		0, 1,
		0, 1,
		0, 0,
		0, 1,
		0, 0,
		1, 1,
		1, 0,
		0, 0,
		1, 1,
		0, 0,
		0, 1
	],
	"mVertexNormals" :
	[
		0, -1, 0,
		0, -1, 0,
		0, -1, 0,
		0, -1, 0,
		0, -1, 0,
		0, -1, 0,
		0, 1, 0,
		0, 1, 0,
		0, 1, 0,
		0, 1, 0,
		0, 1, 0,
		0, 1, 0,
		1, 0, 6e-06,
		1, 0, 6e-06,
		1, 0, 6e-06,
		1, 0, 6e-06,
		1, 0, 6e-06,
		1, 0, 6e-06,
		-0, -0, 1,
		-0, -0, 1,
		-0, -0, 1,
		-0, -0, 1,
		-0, -0, 1,
		-0, -0, 1,
		-1, -0, -4e-06,
		-1, -0, -4e-06,
		-1, -0, -4e-06,
		-1, -0, -4e-06,
		-1, -0, -4e-06,
		-1, -0, -4e-06,
		0, 0, -1,
		0, 0, -1,
		0, 0, -1,
		0, 0, -1,
		0, 0, -1,
		0, 0, -1
	]
}
