{
	"mVertexPoints" :
	[
		1, 0, -0.1,
		1, 0, 0.1,
		-1, 0, 0.1,
		1, 0, -0.1,
		-1, 0, 0.1,
		-1, 0, -0.1,
		1, 0.1, -0.1,
		-1, 0.1, -0.1,
		-1, 0.1, 0.1,
		1, 0.1, -0.1,
		-1, 0.1, 0.1,
		0.999999, 0.1, 0.100001,
		1, 0, 0.1,
		0.999999, 0.1, 0.100001,
		-1, 0.1, 0.1,
		1, 0, 0.1,
		-1, 0.1, 0.1,
		-1, 0, 0.1,
		1, 0.1, -0.1,
		1, 0, -0.1,
		-1, 0, -0.1,
		1, 0.1, -0.1,
		-1, 0, -0.1,
		-1, 0.1, -0.1,
		1, 0, -0.1,
		1, 0.1, -0.1,
		1.2, 0.1, -0.1,
		1, 0, -0.1,
		1.2, 0.1, -0.1,
		1.2, 0, -0.1,
		0.999999, 0.1, 0.100001,
		1, 0, 0.1,
		1.2, 0, 0.1,
		0.999999, 0.1, 0.100001,
		1.2, 0, 0.1,
		1.2, 0.1, 0.100001,
		1, 0, 0.1,
		1, 0, -0.1,
		1.2, 0, -0.1,
		1, 0, 0.1,
		1.2, 0, -0.1,
		1.2, 0, 0.1,
		1.2, 0, -0.1,
		1.2, 0.1, -0.1,
		1.2, 0.1, 0.100001,
		1.2, 0, -0.1,
		1.2, 0.1, 0.100001,
		1.2, 0, 0.1,
		-1, 0.1, -0.1,
		-1, 0, -0.1,
		-1.2, 0, -0.1,
		-1, 0.1, -0.1,
		-1.2, 0, -0.1,
		-1.2, 0.1, -0.1,
		-1, 0, 0.1,
		-1, 0.1, 0.1,
		-1.2, 0.1, 0.1,
		-1, 0, 0.1,
		-1.2, 0.1, 0.1,
		-1.2, 0, 0.1,
		-1, 0, -0.1,
		-1, 0, 0.1,
		-1.2, 0, 0.1,
		-1, 0, -0.1,
		-1.2, 0, 0.1,
		-1.2, 0, -0.1,
		-1.2, 0, 0.1,
		-1.2, 0.1, 0.1,
		-1.2, 0.1, -0.1,
		-1.2, 0, 0.1,
		-1.2, 0.1, -0.1,
		-1.2, 0, -0.1,
		-1.2, 0.1, -0.1,
		-1.2, 0.1, 0.1,
		-1.2, 2.5, 0.1,
		-1.2, 0.1, -0.1,
		-1.2, 2.5, 0.1,
		-1.2, 2.5, -0.1,
		-1.2, 0.1, 0.1,
		-1, 0.1, 0.1,
		-1, 2.5, 0.1,
		-1.2, 0.1, 0.1,
		-1, 2.5, 0.1,
		-1.2, 2.5, 0.1,
		-1, 0.1, -0.1,
		-1.2, 0.1, -0.1,
		-1.2, 2.5, -0.1,
		-1, 0.1, -0.1,
		-1.2, 2.5, -0.1,
		-1, 2.5, -0.1,
		-1, 0.1, 0.1,
		-1, 0.1, -0.1,
		-1, 2.5, -0.1,
		-1, 0.1, 0.1,
		-1, 2.5, -0.1,
		-1, 2.5, 0.1,
		-1, 2.5, 0.1,
		-1, 2.5, -0.1,
		-1.2, 2.5, -0.1,
		-1, 2.5, 0.1,
		-1.2, 2.5, -0.1,
		-1.2, 2.5, 0.1,
		1.2, 0.1, 0.100001,
		1.2, 0.1, -0.1,
		1.2, 2.5, -0.1,
		1.2, 0.1, 0.100001,
		1.2, 2.5, -0.1,
		1.2, 2.5, 0.100001,
		0.999999, 0.1, 0.100001,
		1.2, 0.1, 0.100001,
		1.2, 2.5, 0.100001,
		0.999999, 0.1, 0.100001,
		1.2, 2.5, 0.100001,
		0.999999, 2.5, 0.100001,
		1.2, 0.1, -0.1,
		1, 0.1, -0.1,
		1, 2.5, -0.1,
		1.2, 0.1, -0.1,
		1, 2.5, -0.1,
		1.2, 2.5, -0.1,
		1, 0.1, -0.1,
		0.999999, 0.1, 0.100001,
		0.999999, 2.5, 0.100001,
		1, 0.1, -0.1,
		0.999999, 2.5, 0.100001,
		1, 2.5, -0.1,
		1, 2.5, -0.1,
		0.999999, 2.5, 0.100001,
		1.2, 2.5, 0.100001,
		1, 2.5, -0.1,
		1.2, 2.5, 0.100001,
		1.2, 2.5, -0.1
	],
	"mTextureCoords" :
	[
		0.916667, 0,
		0.916667, 0,
		0.083333, 0,
		0.916667, 0,
		0.083333, 0,
		0.083334, 0,
		0.916667, 0.04,
		0.083333, 0.04,
		0.083333, 0.04,
		0.916667, 0.04,
		0.083333, 0.04,
		0.916666, 0.04,
		0.916667, 0,
		0.916666, 0.04,
		0.083333, 0.04,
		0.916667, 0,
		0.083333, 0.04,
		0.083333, 0,
		0.916667, 0.04,
		0.916667, 0,
		0.083334, 0,
		0.916667, 0.04,
		0.083334, 0,
		0.083333, 0.04,
		0.916667, 0,
		0.916667, 0.04,
		1, 0.04,
		0.916667, 0,
		1, 0.04,
		1, 0,
		0.916666, 0.04,
		0.916667, 0,
		1, 0,
		0.916666, 0.04,
		1, 0,
		0.999999, 0.04,
		0.916667, 0,
		0.916667, 0,
		1, 0,
		0.916667, 0,
		1, 0,
		1, 0,
		1, 0,
		1, 0.04,
		0.999999, 0.04,
		1, 0,
		0.999999, 0.04,
		1, 0,
		0.083333, 0.04,
		0.083334, 0,
		0, 0,
		0.083333, 0.04,
		0, 0,
		0, 0.04,
		0.083333, 0,
		0.083333, 0.04,
		0, 0.04,
		0.083333, 0,
		0, 0.04,
		0, 0,
		0.083334, 0,
		0.083333, 0,
		0, 0,
		0.083334, 0,
		0, 0,
		0, 0,
		0, 0,
		0, 0.04,
		0, 0.04,
		0, 0,
		0, 0.04,
		0, 0,
		0, 0.04,
		0, 0.04,
		0, 1,
		0, 0.04,
		0, 1,
		0, 1,
		0, 0.04,
		0.083333, 0.04,
		0.083333, 1,
		0, 0.04,
		0.083333, 1,
		0, 1,
		0.083333, 0.04,
		0, 0.04,
		0, 1,
		0.083333, 0.04,
		0, 1,
		0.083333, 1,
		0.083333, 0.04,
		0.083333, 0.04,
		0.083333, 1,
		0.083333, 0.04,
		0.083333, 1,
		0.083333, 1,
		0.083333, 1,
		0.083333, 1,
		0, 1,
		0.083333, 1,
		0, 1,
		0, 1,
		0.999999, 0.04,
		1, 0.04,
		1, 1,
		0.999999, 0.04,
		1, 1,
		0.999999, 1,
		0.916666, 0.04,
		0.999999, 0.04,
		0.999999, 1,
		0.916666, 0.04,
		0.999999, 1,
		0.916666, 1,
		1, 0.04,
		0.916667, 0.04,
		0.916667, 1,
		1, 0.04,
		0.916667, 1,
		1, 1,
		0.916667, 0.04,
		0.916666, 0.04,
		0.916666, 1,
		0.916667, 0.04,
		0.916666, 1,
		0.916667, 1,
		0.916667, 1,
		0.916666, 1,
		0.999999, 1,
		0.916667, 1,
		0.999999, 1,
		1, 1
	],
	"mVertexNormals" :
	[
		0, -1, 0,
		0, -1, 0,
		0, -1, 0,
		0, -1, 0,
		0, -1, 0,
		0, -1, 0,
		0, 1, 0,
		0, 1, 0,
		0, 1, 0,
		0, 1, 0,
		0, 1, 0,
		0, 1, 0,
		-0, -2e-06, 1,
		-0, -2e-06, 1,
		-0, -2e-06, 1,
		-0, -2e-06, 1,
		-0, -2e-06, 1,
		-0, -2e-06, 1,
		0, 4e-06, -1,
		0, 4e-06, -1,
		0, 4e-06, -1,
		0, 4e-06, -1,
		0, 4e-06, -1,
		0, 4e-06, -1,
		0, 5e-06, -1,
		0, 5e-06, -1,
		0, 5e-06, -1,
		0, 5e-06, -1,
		0, 5e-06, -1,
		0, 5e-06, -1,
		0, -6e-06, 1,
		0, -6e-06, 1,
		0, -6e-06, 1,
		0, -6e-06, 1,
		0, -6e-06, 1,
		0, -6e-06, 1,
		0, -1, 0,
		0, -1, 0,
		0, -1, 0,
		0, -1, 0,
		0, -1, 0,
		0, -1, 0,
		1, 1e-06, 3e-06,
		1, 1e-06, 3e-06,
		1, 1e-06, 3e-06,
		1, 1e-06, 3e-06,
		1, 1e-06, 3e-06,
		1, 1e-06, 3e-06,
		0, 4e-06, -1,
		0, 4e-06, -1,
		0, 4e-06, -1,
		0, 4e-06, -1,
		0, 4e-06, -1,
		0, 4e-06, -1,
		0, 2e-06, 1,
		0, 2e-06, 1,
		0, 2e-06, 1,
		0, 2e-06, 1,
		0, 2e-06, 1,
		0, 2e-06, 1,
		0, -1, 0,
		0, -1, 0,
		0, -1, 0,
		0, -1, 0,
		0, -1, 0,
		0, -1, 0,
		-1, -3e-06, -2e-06,
		-1, -3e-06, -2e-06,
		-1, -3e-06, -2e-06,
		-1, -3e-06, -2e-06,
		-1, -3e-06, -2e-06,
		-1, -3e-06, -2e-06,
		-1, 0, -2e-06,
		-1, 0, -2e-06,
		-1, 0, -2e-06,
		-1, 0, -2e-06,
		-1, 0, -2e-06,
		-1, 0, -2e-06,
		0, 0, 1,
		0, 0, 1,
		0, 0, 1,
		0, 0, 1,
		0, 0, 1,
		0, 0, 1,
		-0, 0, -1,
		-0, 0, -1,
		-0, 0, -1,
		-0, 0, -1,
		-0, 0, -1,
		-0, 0, -1,
		1, 0, 2e-06,
		1, 0, 2e-06,
		1, 0, 2e-06,
		1, 0, 2e-06,
		1, 0, 2e-06,
		1, 0, 2e-06,
		0, 1, 0,
		0, 1, 0,
		0, 1, 0,
		0, 1, 0,
		0, 1, 0,
		0, 1, 0,
		1, 0, 6e-06,
		1, 0, 6e-06,
		1, 0, 6e-06,
		1, 0, 6e-06,
		1, 0, 6e-06,
		1, 0, 6e-06,
		0, 0, 1,
		0, 0, 1,
		0, 0, 1,
		0, 0, 1,
		0, 0, 1,
		0, 0, 1,
		-0, 0, -1,
		-0, 0, -1,
		-0, 0, -1,
		-0, 0, -1,
		-0, 0, -1,
		-0, 0, -1,
		-1, 0, -6e-06,
		-1, 0, -6e-06,
		-1, 0, -6e-06,
		-1, 0, -6e-06,
		-1, 0, -6e-06,
		-1, 0, -6e-06,
		0, 1, 0,
		0, 1, 0,
		0, 1, 0,
		0, 1, 0,
		0, 1, 0,
		0, 1, 0
	]
}
